
[
  {
      "id": 0, 
      "cat3": "Musing Blockchain", 
      "date": "August 1, 2018", 
      "title": "Fintech Auchtung!", 
      "did": "08-01-18"
  }, 
  {
      "id": 1, 
      "cat3": "Web Dev Affairs", 
      "date": "August 02, 2018\nWeekend", 
      "title": "Tour of Google's Chocolate Factory, Part II:\nGoogle's Golden Ticket", 
      "did": "08-02-18"
  }, 
  {
      "id": 2,  
      "cat3": "Web Dev Affairs", 
      "date": "August 3, 2018", 
      "title": "Tour of Google's Chocolate Factory, Part II:\nGlass Elevator into the Cloud", 
      "did": "08-03-18"
  }, 
  {
      "id": 3, 
      "cat3": "Sociology Tomorrow!", 
      "date": "August 4-5, 2018\nWeekend", 
      "title": "The New Age of Digital Responsibility", 
      "did": "08-04-18"
  }, 
  {
      "id": 4,  
      "cat3": "Web Dev Affairs", 
      "date": "August 6, 2018", 
      "title": "Android Pi(e) Day", 
      "did": "08-06-18"
  }, 
  {
      "id": 5,  
      "cat3": "Web Dev Affairs", 
      "date": "August 7, 2018", 
      "title": "New Math &amp; the Speed of Antiquation, a Case Study:\nMobile 8th Generation Intel", 
      "did": "08-07-18"
  }, 
  {
      "id": 6,  
      "cat3": "A.I.Now.", 
      "date": "August 8, 2018", 
      "title": "The Good Doctor, Part I: \n How A.I.-Driven Predictive Analytics Rewrites Healthcare", 
      "did": "08-08-18"
  }, 
  {
      "id": 7,  
      "cat3": "Sociology Tomorrow!", 
      "date": "August 9, 2018", 
      "title": "The Good Doctor, Part II:  \nAbout that Second Opinion . . . \n", 
      "did": "08-09-18"
  }, 
  {
      "id": 8, 
      "cat3": "A.I.Now.", 
      "date": "August 10, 2018", 
      "title": "The Good Doctor, Part III: Magneto Encephelop", 
      "did": "08-10-18"
  }, 
  {
      "id": 9,  
      "cat3": "Web Dev Affairs", 
      "date": "August 11, 2018", 
      "title": "The Good Doctor, Part IV: Good Doctor, Heal Thyself!", 
      "did": "08-11-18"
  }, 
  {
      "id": 10,  
      "cat3": "A.I.Now.", 
      "date": "August 12-13, 2018\nWeekend", 
      "title": "A.I.Now.", 
      "did": "08-12-18"
  }, 
  {
      "id": 11,  
      "cat3": "Quantum Data", 
      "date": "August 14, 2018", 
      "title": "Quantum Data", 
      "did": "08-14-18"
  }, 
  {
      "id": 12,  
      "cat3": "Sociology Tomorrow!", 
      "date": "August 15, 2018", 
      "title": "Quantum Data", 
      "did": "08-15-18"
  }, 
  {
      "id": 13,  
      "cat3": "Sociology Tomorrow!", 
      "date": "August 16, 2018", 
      "title": " ", 
      "did": "08-16-18"
  }, 
  {
      "id": 14,  
      "cat3": "Sociology Tomorrow!", 
      "date": "August 17, 2018", 
      "title": "Quantum Data, Part II:\n Quantum State-Entanglement across a Solid State", 
      "did": "08-17-18"
  }, 
  {
      "id": 15,  
      "cat3": "Quantum Data", 
      "date": "August 18-19, 2018\nWeekend", 
      "title": "Quantum Data III: Sudden Data", 
      "did": "08-18-18"
  }, 
  {
      "id": 16,  
      "cat3": "Web Dev Affairs", 
      "date": "August 20, 2018", 
      "title": "Data that Go Up but Do not Go Down", 
      "did": "08-20-18"
  }, 
  {
      "id": 17, 
      "cat3": "Quantum Data", 
      "date": "August 21, 2018", 
      "title": "Quantum Data IV:\nThe Business of Quantum Data", 
      "did": "08-21-18"
  }, 
  {
      "id": 18, 
      "cat3": "Quantum Data", 
      "date": "August 22, 2018", 
      "title": "Quantum Data V:\nThe Bits and Bolts of Zero, One, and the Superposed Third State", 
      "did": "08-22-18"
  }, 
  {
      "id": 19, 
      "cat3": "Web Dev Affairs", 
      "date": "August 23, 2018", 
      "title": "The Best Offense is a Good Defense", 
      "did": "08-23-18"
  }, 
  {
      "id": 19, 
      "cat3": "Sociology Tomorrow!", 
      "date": "August 24, 2018", 
      "title": "The Best Offense is a Good Defense", 
      "did": "08-24-18"
  }, 
  {
      "id": 19, 
      "cat3": "Sociology Tomorrow!", 
      "date": "August 25-26, 2018\nWeekend", 
      "title": "The Best Offense is a Good Defense", 
      "did": "08-25-18"
  } 
]
